{
  "project_info": {
    "project_number": "579496576092",
    "project_id": "timetable-22e77",
    "storage_bucket": "timetable-22e77.appspot.com"
  },
  "client": [
    {
      "client_info": {
        "mobilesdk_app_id": "1:579496576092:android:157d33748928f1379bd299",
        "android_client_info": {
          "package_name": "com.example.timetablemanagement"
        }
      },
      "oauth_client": [],
      "api_key": [
        {
          "current_key": "AIzaSyC-nuGzLaj7jxQR2Lda73DYb-TwCL4TOnQ"
        }
      ],
      "services": {
        "appinvite_service": {
          "other_platform_oauth_client": []
        }
      }
    }
  ],
  "configuration_version": "1"
}